{"isWkeyEnabled":false,"pipeSpawnPeriod":3.2726073265075685,"vitalityPeriod":45.4554443359375}